{"train": [{"input": [[0, 0, 6, 0, 4, 0, 8, 0, 9, 0], [0, 0, 0, 0, 0, 0, 0, 0, 0, 0], [0, 0, 0, 0, 0, 0, 0, 0, 0, 0], [0, 0, 0, 0, 0, 0, 0, 0, 0, 0], [0, 0, 0, 0, 0, 0, 0, 0, 0, 0], [0, 0, 0, 0, 0, 0, 0, 0, 0, 0], [0, 0, 0, 0, 0, 0, 0, 0, 0, 0], [0, 0, 0, 0, 0, 0, 0, 0, 0, 0], [0, 0, 0, 0, 0, 0, 0, 0, 0, 0], [0, 0, 8, 0, 4, 0, 9, 0, 6, 0]], "output": [[0, 0, 6, 0, 4, 0, 8, 0, 9, 0], [0, 0, 0, 0, 4, 0, 0, 0, 0, 0], [0, 0, 0, 0, 4, 0, 0, 0, 0, 0], [0, 0, 0, 0, 4, 0, 0, 0, 0, 0], [0, 0, 0, 0, 4, 0, 0, 0, 0, 0], [0, 0, 0, 0, 4, 0, 0, 0, 0, 0], [0, 0, 0, 0, 4, 0, 0, 0, 0, 0], [0, 0, 0, 0, 4, 0, 0, 0, 0, 0], [0, 0, 0, 0, 4, 0, 0, 0, 0, 0], [0, 0, 8, 0, 4, 0, 9, 0, 6, 0]]}, {"input": [[2, 0, 1, 0, 3, 0, 4, 0, 8, 0], [0, 0, 0, 0, 0, 0, 0, 0, 0, 0], [0, 0, 0, 0, 0, 0, 0, 0, 0, 0], [0, 0, 0, 0, 0, 0, 0, 0, 0, 0], [0, 0, 0, 0, 0, 0, 0, 0, 0, 0], [0, 0, 0, 0, 0, 0, 0, 0, 0, 0], [0, 0, 0, 0, 0, 0, 0, 0, 0, 0], [0, 0, 0, 0, 0, 0, 0, 0, 0, 0], [0, 0, 0, 0, 0, 0, 0, 0, 0, 0], [3, 0, 1, 0, 4, 0, 2, 0, 8, 0]], "output": [[2, 0, 1, 0, 3, 0, 4, 0, 8, 0], [0, 0, 1, 0, 0, 0, 0, 0, 8, 0], [0, 0, 1, 0, 0, 0, 0, 0, 8, 0], [0, 0, 1, 0, 0, 0, 0, 0, 8, 0], [0, 0, 1, 0, 0, 0, 0, 0, 8, 0], [0, 0, 1, 0, 0, 0, 0, 0, 8, 0], [0, 0, 1, 0, 0, 0, 0, 0, 8, 0], [0, 0, 1, 0, 0, 0, 0, 0, 8, 0], [0, 0, 1, 0, 0, 0, 0, 0, 8, 0], [3, 0, 1, 0, 4, 0, 2, 0, 8, 0]]}, {"input": [[0, 0, 8, 0, 5, 0, 3, 0, 2, 0], [0, 0, 0, 0, 0, 0, 0, 0, 0, 0], [0, 0, 0, 0, 0, 0, 0, 0, 0, 0], [0, 0, 0, 0, 0, 0, 0, 0, 0, 0], [0, 0, 0, 0, 0, 0, 0, 0, 0, 0], [0, 0, 0, 0, 0, 0, 0, 0, 0, 0], [0, 0, 0, 0, 0, 0, 0, 0, 0, 0], [0, 0, 0, 0, 0, 0, 0, 0, 0, 0], [0, 0, 0, 0, 0, 0, 0, 0, 0, 0], [0, 0, 2, 0, 3, 0, 4, 0, 8, 0]], "output": [[0, 0, 8, 0, 5, 0, 3, 0, 2, 0], [0, 0, 0, 0, 0, 0, 0, 0, 0, 0], [0, 0, 0, 0, 0, 0, 0, 0, 0, 0], [0, 0, 0, 0, 0, 0, 0, 0, 0, 0], [0, 0, 0, 0, 0, 0, 0, 0, 0, 0], [0, 0, 0, 0, 0, 0, 0, 0, 0, 0], [0, 0, 0, 0, 0, 0, 0, 0, 0, 0], [0, 0, 0, 0, 0, 0, 0, 0, 0, 0], [0, 0, 0, 0, 0, 0, 0, 0, 0, 0], [0, 0, 2, 0, 3, 0, 4, 0, 8, 0]]}], "test": [{"input": [[9, 0, 6, 0, 2, 0, 3, 0, 4, 0], [0, 0, 0, 0, 0, 0, 0, 0, 0, 0], [0, 0, 0, 0, 0, 0, 0, 0, 0, 0], [0, 0, 0, 0, 0, 0, 0, 0, 0, 0], [0, 0, 0, 0, 0, 0, 0, 0, 0, 0], [0, 0, 0, 0, 0, 0, 0, 0, 0, 0], [0, 0, 0, 0, 0, 0, 0, 0, 0, 0], [0, 0, 0, 0, 0, 0, 0, 0, 0, 0], [0, 0, 0, 0, 0, 0, 0, 0, 0, 0], [4, 0, 6, 0, 9, 0, 3, 0, 2, 0]], "output": [[9, 0, 6, 0, 2, 0, 3, 0, 4, 0], [0, 0, 6, 0, 0, 0, 3, 0, 0, 0], [0, 0, 6, 0, 0, 0, 3, 0, 0, 0], [0, 0, 6, 0, 0, 0, 3, 0, 0, 0], [0, 0, 6, 0, 0, 0, 3, 0, 0, 0], [0, 0, 6, 0, 0, 0, 3, 0, 0, 0], [0, 0, 6, 0, 0, 0, 3, 0, 0, 0], [0, 0, 6, 0, 0, 0, 3, 0, 0, 0], [0, 0, 6, 0, 0, 0, 3, 0, 0, 0], [4, 0, 6, 0, 9, 0, 3, 0, 2, 0]]}]}